Model,Accuracy,Precision,Recall,F1 Score,ROC-AUC
binary_augmented,0.056686046511627904,1.0,0.056686046511627904,0.10729023383768915,
binary_log_mel,0.007246376811594203,1.0,0.007246376811594203,0.014388489208633094,
binary_mfcc,0.3115942028985507,1.0,0.3115942028985507,0.4751381215469613,
multi_augmented,0.4782608695652174,0.7934782608695652,0.4782608695652174,0.47355543007716916,0.9777077497665733
multi_log_mel,0.8623188405797102,0.7435937828187356,0.8623188405797102,0.7985676422489144,0.4987721490755546
multi_mfcc,0.8695652173913043,0.7762681159420289,0.8695652173913043,0.8157004830917874,0.8499713945039021
