Model,Accuracy,Precision,Recall,F1 Score,ROC-AUC
binary_augmented,0.21739130434782608,0.9217391304347826,0.21739130434782608,0.24407114624505927,0.8095238095238095
binary_log_mel,0.057971014492753624,0.9584398976982096,0.057971014492753624,0.032227106963650824,0.8106060606060606
binary_mfcc,0.30434782608695654,0.959079283887468,0.30434782608695654,0.41476880607315386,0.808080808080808
multi_augmented,0.5217391304347826,0.9264214046822742,0.5217391304347826,0.6122487143525012,0.9285714285714286
multi_log_mel,0.07246376811594203,0.9584685269305646,0.07246376811594203,0.05999269272926561,0.8964646464646464
multi_mfcc,0.9057971014492754,0.9242781709920235,0.9057971014492754,0.9146759953356656,0.6123737373737375
