Model,Accuracy,Precision,Recall,F1 Score,ROC-AUC
binary_augmented,0.056686046511627904,1.0,0.056686046511627904,0.10729023383768915,
binary_log_mel,0.007246376811594203,1.0,0.007246376811594203,0.014388489208633094,
binary_mfcc,0.3115942028985507,1.0,0.3115942028985507,0.4751381215469613,
multi_augmented,0.9229651162790697,0.9443757544234658,0.9229651162790697,0.9299022452750542,0.9826305359178775
multi_log_mel,0.050724637681159424,0.009333333333333334,0.050724637681159424,0.011229118265294834,0.7138129335404878
multi_mfcc,0.07971014492753623,0.8831816649814627,0.07971014492753623,0.07041750127646206,0.7601682958710821
